municipio;hombres;mujeres;total;mesas;puestos;codigo_municpio;censo_electoral
MEDELLÍN;878580;1029786;1908366;5375;250;05001;1908366
ABEJORRAL;8127;7337;15464;48;7;05002;15464
ABRIAQUÍ;1111;935;2046;7;2;05004;2046
ALEJANDRÍA;2503;2265;4768;14;1;05021;4768
AMAGÁ;12291;12639;24930;74;9;05030;24930
AMALFI;9880;9283;19163;57;5;05031;19163
ANDES;19243;17280;36523;111;17;05034;36523
ANGELÓPOLIS;3142;2872;6014;19;3;05036;6014
ANGOSTURA;5000;4521;9521;28;4;05038;9521
ANORÍ;7414;6429;13843;43;8;05040;13843
SANTA FÉ DE ANTIOQUIA;12526;12143;24669;76;11;05042;24669
ANZÁ;3592;3131;6723;20;3;05044;6723
APARTADÓ;54789;56131;110920;325;24;05045;110920
ARBOLETES;12103;11495;23598;73;9;05051;23598
ARGELIA;3679;3186;6865;23;7;05055;6865
ARMENIA;2441;2153;4594;14;2;05059;4594
BARBOSA;23575;23717;47292;140;10;05079;47292
BELMIRA;2794;2666;5460;19;5;05086;5460
BELLO;177916;205544;383460;1050;55;05088;383460
BETANIA;4585;3839;8424;25;2;05091;8424
BETULIA;7375;6527;13902;42;6;05093;13902
CIUDAD BOLÍVAR;12473;11496;23969;71;8;05101;23969
BURITICÁ;4653;3966;8619;27;6;05113;8619
BRICEÑO;3789;3072;6861;23;9;05107;6861
CÁCERES;11280;10066;21346;64;8;05120;21346
CAICEDO;3892;3457;7349;21;2;05125;7349
CALDAS;35635;38025;73660;214;15;05129;73660
CAMPAMENTO;3944;3299;7243;22;3;05134;7243
CAÑASGORDAS;7934;7081;15015;44;6;05138;15015
CARACOLÍ;2599;2271;4870;16;4;05142;4870
CARAMANTA;2661;2323;4984;16;4;05145;4984
CAREPA;25834;24176;50010;150;16;05147;50010
EL CARMEN DE VIBORAL;23426;24596;48022;143;15;05148;48022
CAROLINA;2197;2117;4314;13;1;05150;4314
CAUCASIA;38655;40059;78714;236;28;05154;78714
CISNEROS;6477;6404;12881;37;1;05190;12881
COCORNÁ;7566;7300;14866;46;8;05197;14866
CONCEPCIÓN;2357;2217;4574;13;1;05206;4574
CONCORDIA;8578;7838;16416;49;4;05209;16416
COPACABANA;38555;39735;78290;229;15;05212;78290
CHIGORODÓ;27071;27161;54232;160;10;05172;54232
DABEIBA;10916;9906;20822;65;10;05234;20822
DONMATÍAS;9443;9915;19358;56;3;05237;19358
EBÉJICO;6059;5343;11402;36;6;05240;11402
EL BAGRE;22068;20929;42997;125;6;05250;42997
ENTRERRÍOS;5290;4602;9892;28;1;05264;9892
ENVIGADO;115849;129909;245758;712;38;05266;245758
FREDONIA;9393;8689;18082;57;10;05282;18082
FRONTINO;9549;8783;18332;58;15;05284;18332
GIRALDO;2712;2545;5257;17;3;05306;5257
GIRARDOTA;29017;28169;57186;167;10;05308;57186
GÓMEZ PLATA;4741;4404;9145;27;4;05310;9145
GRANADA;5185;4854;10039;30;3;05313;10039
GUADALUPE;3049;2835;5884;19;4;05315;5884
GUARNE;22614;22904;45518;136;14;05318;45518
GUATAPÉ;4288;4358;8646;25;1;05321;8646
HELICONIA;3232;2869;6101;19;5;05347;6101
HISPANIA;2775;2505;5280;16;2;05353;5280
ITAGÜÍ;127956;141448;269404;742;43;05360;269404
ITUANGO;9717;8070;17787;59;14;05361;17787
JARDÍN;6790;6666;13456;40;3;05364;13456
JERICÓ;5764;5738;11502;34;3;05368;11502
LA CEJA;29784;32247;62031;182;12;05376;62031
LA ESTRELLA;32465;34839;67304;198;13;05380;67304
PUERTO NARE;6360;5937;12297;38;6;05585;12297
LA UNIÓN;10412;10301;20713;61;3;05400;20713
LA PINTADA;3867;3670;7537;22;1;05390;7537
LIBORINA;5231;4415;9646;30;5;05411;9646
MACEO;4648;4157;8805;27;4;05425;8805
MARINILLA;26270;27740;54010;157;8;05440;54010
MONTEBELLO;3553;3004;6557;20;3;05467;6557
MURINDÓ;1893;1773;3666;13;4;05475;3666
MUTATÁ;8664;8096;16760;49;5;05480;16760
NARIÑO;4740;4080;8820;29;7;05483;8820
NECHÍ;12005;10435;22440;67;8;05495;22440
NECOCLÍ;20691;20172;40863;121;11;05490;40863
OLAYA;1582;1429;3011;10;4;05501;3011
PEÑOL;9376;9481;18857;54;1;05541;18857
PEQUE;3664;3132;6796;22;7;05543;6796
PUEBLORRICO;3870;3592;7462;22;1;05576;7462
PUERTO BERRÍO;18594;16541;35135;107;14;05579;35135
PUERTO TRIUNFO;7920;7433;15353;47;8;05591;15353
REMEDIOS;12561;11611;24172;73;9;05604;24172
RETIRO;11173;11928;23101;67;3;05607;23101
RIONEGRO;65983;70032;136015;393;20;05615;136015
SABANALARGA;4248;3649;7897;25;4;05628;7897
SABANETA;46252;53888;100140;292;16;05631;100140
SALGAR;7515;6776;14291;43;6;05642;14291
SAN ANDRÉS DE CUERQUÍA;3101;2665;5766;21;9;05647;5766
SAN CARLOS;8246;7482;15728;48;6;05649;15728
SAN FRANCISCO;3486;3141;6627;19;2;05652;6627
SAN JERÓNIMO;7165;6757;13922;42;5;05656;13922
SAN JOSÉ DE LA MONTAÑA;1765;1531;3296;10;1;05658;3296
SAN JUAN DE URABÁ;10904;10423;21327;64;9;05659;21327
SAN LUIS;6435;6019;12454;38;8;05660;12454
SAN PEDRO DE LOS MILAGROS;12281;11954;24235;73;9;05664;24235
SAN PEDRO DE URABÁ;15697;14165;29862;91;14;05665;29862
SAN RAFAEL;7171;6716;13887;41;4;05667;13887
SAN ROQUE;8807;8001;16808;51;5;05670;16808
SAN VICENTE FERRER;9278;8499;17777;55;11;05674;17777
SANTA BÁRBARA;11545;11155;22700;69;7;05679;22700
SANTA ROSA DE OSOS;14970;14819;29789;91;14;05686;29789
SANTO DOMINGO;5128;4550;9678;32;8;05690;9678
EL SANTUARIO;15120;16328;31448;91;7;05697;31448
SEGOVIA;17448;16579;34027;100;8;05736;34027
SONSÓN;14360;14024;28384;96;28;05756;28384
SOPETRÁN;7044;6766;13810;43;7;05761;13810
TÁMESIS;7767;7408;15175;45;4;05789;15175
TARAZÁ;13437;12269;25706;77;10;05790;25706
TARSO;3098;2980;6078;18;1;05792;6078
TITIRIBÍ;4382;4288;8670;28;7;05809;8670
TOLEDO;2551;2172;4723;15;3;05819;4723
TURBO;48927;52349;101276;303;30;05837;101276
URAMITA;3638;3168;6806;21;3;05842;6806
URRAO;13412;12843;26255;78;9;05847;26255
VALDIVIA;6705;5972;12677;38;3;05854;12677
VALPARAÍSO;2935;2748;5683;17;2;05856;5683
VEGACHÍ;6363;6073;12436;37;4;05858;12436
VIGÍA DEL FUERTE;3481;3461;6942;25;9;05873;6942
VENECIA;5692;5729;11421;35;6;05861;11421
YALÍ;3564;3017;6581;20;2;05885;6581
YARUMAL;17534;18028;35562;108;17;05887;35562
YOLOMBÓ;9074;8402;17476;53;8;05890;17476
YONDÓ;8724;7539;16263;50;7;05893;16263
ZARAGOZA;11441;10703;22144;68;8;05895;22144
